{
  "prompt_v1_scores": {
    "faithfulness": 0.9696349206349205,
    "answer_relevancy": 0.9116262312533998,
    "context_recall": 1.0,
    "context_precision": 0.9416666665894168
  },
  "prompt_v2_scores": {
    "faithfulness": 0.7879913419913419,
    "answer_relevancy": 0.9076626488839817,
    "context_recall": 1.0,
    "context_precision": 0.9416666665930835
  },
  "target_met": true
}